,age_category,age_category_value
0,18-64 years,-0.042883610768024286
1,65 years+,0.7726268150123592
2,Under 18 years,-0.6216259933904331
