,car_share,car_share_value
0,No,-0.1648951247165502
1,Yes,0.8351048752834467
