,gender,gender_value
0,Female,-0.6965445675018379
1,Male,0.7176688279925149
2,Another,0.01079049923932283
3,Unknown,0.011151907619686754
4,Non-Binary,0.010823383142783997
